week,sentiment_mean,sentiment_std,subjectivity_mean,subjectivity_std,counting
2025-41,-0.09429798851583414,0.8353946764202163,-0.29209951599072265,0.7556880519913842,31.0
2025-42,0.009494647657048829,0.7477814307206188,-0.0832868592080062,0.988599484739407,55.0
2025-43,0.00527832945734029,1.1263250749806988,0.33517708719988776,1.1736126273086054,88.0
2025-44,-0.07918432293859892,0.8455498431660199,-0.02100590853742653,0.6939920304938776,66.0
2025-45,0.09242503553183432,0.9341838586558499,-0.11270465263677948,0.7644167402452288,89.0
2025-46,0.7029276293502875,0.5307473376236201,-0.641090432678672,0.681482051035239,2.0
