week,sentiment_mean,sentiment_std,subjectivity_mean,subjectivity_std,counting
2025-41,0.11780901535801323,0.6154095186310791,-0.09126496903398633,0.894034278684124,13.0
2025-42,0.0017516042807919074,0.8361924616732208,-0.2323116023812065,0.850099040665004,34.0
2025-43,-0.057164710484571384,1.0224493092074987,0.15303449740837263,0.8894187848824732,43.0
2025-44,0.010065917942399737,0.848341711547108,0.13953750279635832,0.9127265971056138,43.0
2025-45,0.09913310474382962,0.9267185351197427,-0.048544851037744974,0.8474631379342684,22.0
