week,sentiment_mean,sentiment_std,subjectivity_mean,subjectivity_std,counting
2025-41,-0.03744673779740764,0.870084324068945,-0.1880811488268327,0.7458642599939701,36.0
2025-42,0.0023337139635410046,0.8690770020933481,-0.011436894663208607,0.939485802048546,71.0
2025-43,-0.02736198246339518,1.1241779985462446,0.38892638869880897,1.2186425588072207,96.0
2025-44,-0.10805785903114866,0.8746435180714395,-0.05793525469892781,0.6728823904154653,70.0
2025-45,0.07756156628661318,0.9179907536111672,-0.10711157321389558,0.7505002550760648,104.0
2025-46,0.2364825579985327,0.78399958378652,-0.5104413544257362,0.9743959983348508,23.0
