week,sentiment_mean,sentiment_std,subjectivity_mean,subjectivity_std,counting
2025-41,-0.0037174601125004314,0.7002104640931,-0.3280940029683164,1.0234287582482935,4.0
2025-42,-0.1249444163243818,0.8903812084084342,-0.14519688832771607,0.9367503882543518,12.0
2025-43,0.0249570690959274,0.9852751400558792,0.23844092438151082,0.8464487942400193,33.0
2025-44,0.0011217068929441026,0.6876274906725492,0.018508046840346813,0.7350065270420976,24.0
2025-45,0.11911084245188525,0.6912066003590951,-0.16851036484550388,0.7644014504371381,17.0
